title,company,scraped_at
"Director, Human Resources (Agent Software & Advertising, and Flex/Enhanced Markets)",Zillow,2025-05-29 17:53:01
Human Resources Business Partner,National Geographic Society,2025-05-29 17:53:03
Human Resources Partner,Audible,2025-05-29 17:53:06
Human Resources Manager,Donyati,2025-05-29 17:53:08
Human Resources Manager,Donyati,2025-05-29 17:53:10
Human Resources Specialist,monday.com,2025-05-29 17:53:12
Human Resources Specialist,State of North Carolina,2025-05-29 17:53:15
Human Resources Business Partner,Mission Lane,2025-05-29 17:53:17
Global Human Resources Director,Course,2025-05-29 17:53:19
Global Human Resources Director,Course,2025-05-29 17:53:21
Human Resources Assistant,Cider,2025-05-29 17:53:24
Human Resources Assistant,Cider,2025-05-29 17:53:26
Human Resources (HR) Assistant,Robert Half,2025-05-29 17:53:28
"Manager, Human Resources, Central",Christian Dior Couture,2025-05-29 17:53:30
Human Resources Business Partner,"Sega of America, Inc.",2025-05-29 17:53:33
Human Resources Business Architect Expert,Allstate,2025-05-29 17:53:35
"COORDINATOR, HUMAN RESOURCES",Corona-Norco Unified School District,2025-05-29 17:53:37
Central Branch Human Resources Manager - Human Resources Division,Texas Department of Transportation,2025-05-29 17:53:39
Human Resources Intern,Porsche Cars North America,2025-05-29 17:53:42
Human Resources (HR) Assistant,Robert Half,2025-05-29 17:53:44
Human Resources Generalist,Nestl√© Health Science,2025-05-29 17:53:46
Human Resources Generalist,Spectrum,2025-05-29 17:53:48
"Internship: Group Human Resources, Talent Acquisition Advisory [Aug - Dec 2025]",OCBC,2025-05-29 17:53:51
Human Resources - Administrative Assistant II - S2,Credit One Bank,2025-05-29 17:53:53
Human Resources and Payroll Generalist,"University of California, Riverside",2025-05-29 17:53:55
Human Resources (HR) Assistant,Robert Half,2025-05-29 17:53:57
Human Resources Business Partner,Caterpillar Inc.,2025-05-29 17:54:00
Human Resources Business Partner,Caterpillar Inc.,2025-05-29 17:54:02
"Executive Team Leader Human Resources (Assistant Manager HR) - Houston, TX",Target,2025-05-29 17:54:04
